冀B9K296,2023-07-03 08:37:29.291864
京AF0088,2023-07-03 08:41:28.621895
京AF0008,2023-07-03 08:44:10.423434
浙F79W39,2023-07-03 09:21:29.804760
浙F79W39,2023-07-03
京AF0008,2023-07-03 16:02:25.004760
京AF0008,2023-07-03 16:02:36.850151
苏FS8888,2023-07-05 16:10:03.268684
京PH3X08,2023-07-13 10:51:43.056090
冀B9K296,2023-07-13 11:19:49.257613
冀B9K296,2023-07-13 11:21:46.117428
冀B9K296,2023-07-13 11:21:47.193753
冀B9K296,2023-07-13 11:21:48.252431
冀B9K296,2023-07-13 11:21:49.118342
冀B9K296,2023-07-13 11:24:16.670144
冀B9K296,2023-07-13 11:26:36.165422
冀B9K296,2023-07-13 11:33:43.363668
浙F79W39,2023-07-13 11:35:07.123402
浙F79W39,2023-07-13 11:35:08.381905
浙F79W39,2023-07-13 11:35:09.427067
浙F79W39,2023-07-13 11:35:10.514022
浙F79W39,2023-07-13 11:35:11.473124
浙F79W39,2023-07-13 11:35:12.396470
浙F79W39,2023-07-13 11:35:13.314773
浙F79W39,2023-07-13 11:35:14.098738
浙F79W39,2023-07-13 11:36:28.889774
浙F79W39,2023-07-13 11:40:47.272310
浙F79W39,2023-07-13 11:42:49.404924
浙F79W39,2023-07-14 15:22:17.313213
